Year,Wages,Cost,Debt_Ratio,TFR,Trust,EROEI,Friction,Hoarding,Leverage,Sovereignty,Predation,HDTI,HDTI_Alpha,Housing_Mult,MEI_Mult,Medical_Drag,Housing_Factor,S_base,S_ext,S_sys,S_ext_new,S_worker,Dignity_Ratio,Debt_Factor,Birth_Momentum,Sys_Dignity,Sys_Debt_Factor,HD_mult,Worker_Dignity
1920,3000.0,2000.0,0.3,3.2,0.7,30.0,0.2,1.0,0.1,0.8,0.05,0.5,0.6,1.0,1.0,0.05,1.0,1.9428571428571426,1.0879999999999999,1.1673599999999997,0.9791999999999998,1.3953599999999997,1.5,0.85,1.5238095238095237,1.5,0.96,0.9,1.5
1921,2969.230769230769,2015.3846153846155,0.3076923076923077,3.123076923076923,0.6923076923076923,29.846153846153847,0.20384615384615384,1.0038461538461538,0.10153846153846155,0.7984615384615386,0.050769230769230775,0.5076923076923077,0.6,0.9984615384615385,1.0,0.050769230769230775,1.0015384615384615,1.8539530541879337,1.0166278573064957,1.0892515653978792,0.911995796366577,1.2685741750049284,1.4732824427480915,0.8461538461538461,1.4871794871794872,1.467637682431049,0.9587621301775148,0.8984615384615384,1.465383246666946
1922,2938.4615384615386,2030.7692307692307,0.3153846153846154,3.0461538461538464,0.6846153846153846,29.692307692307693,0.2076923076923077,1.0076923076923077,0.10307692307692308,0.796923076923077,0.05153846153846154,0.5153846153846153,0.6,0.9969230769230769,1.0,0.05153846153846154,1.003076923076923,1.7679205409974645,0.9491305800848081,1.0155243129168876,0.8486777445367081,1.1522846894922016,1.446969696969697,0.8423076923076923,1.4505494505494507,1.4359241267638214,0.9575100591715976,0.8969230769230769,1.4315194515283498
1923,2907.6923076923076,2046.1538461538462,0.3230769230769231,2.9692307692307693,0.6769230769230768,29.53846153846154,0.21153846153846154,1.0115384615384615,0.10461538461538462,0.7953846153846155,0.05230769230769231,0.5230769230769231,0.6,0.9953846153846154,1.0,0.05230769230769231,1.0046153846153847,1.6846821194999333,0.885328442371344,0.9459645303979913,0.789050807783903,1.0456835170370486,1.4210526315789473,0.8384615384615385,1.413919413919414,1.4048429057434462,0.9562437869822485,0.8953846153846153,1.3983888035731087
1924,2876.923076923077,2061.5384615384614,0.33076923076923076,2.8923076923076927,0.6692307692307692,29.384615384615383,0.2153846153846154,1.0153846153846153,0.10615384615384615,0.7938461538461539,0.05307692307692308,0.5307692307692308,0.6,0.9938461538461538,1.0,0.05307692307692308,1.0061538461538462,1.6041626188583713,0.8250492381223167,0.8803680871746302,0.732928829224844,0.9480218409075042,1.3955223880597016,0.8346153846153846,1.3772893772893775,1.3743781094527368,0.9549633136094675,0.8938461538461538,1.3659721271319247
1925,2846.153846153846,2076.923076923077,0.3384615384615385,2.8153846153846156,0.6615384615384615,29.23076923076923,0.21923076923076923,1.0192307692307692,0.1076923076923077,0.7923076923076924,0.05384615384615385,0.5384615384615384,0.6,0.9923076923076923,1.0,0.05384615384615385,1.0076923076923077,1.5262890955198645,0.7681279708119103,0.8185400076255411,0.680134139362688,0.858605813200926,1.3703703703703702,0.8307692307692307,1.3406593406593408,1.3445143256464012,0.9536686390532545,0.8923076923076924,1.3342508575116956
1926,2815.3846153846152,2092.3076923076924,0.34615384615384615,2.7384615384615385,0.6538461538461539,29.076923076923077,0.2230769230769231,1.023076923076923,0.10923076923076923,0.7907692307692308,0.054615384615384614,0.5461538461538461,0.6,0.9907692307692307,1.0,0.054615384615384614,1.0092307692307692,1.450990751330118,0.7144065569509794,0.7602940650066232,0.6304971818453334,0.7767926189630967,1.3455882352941175,0.8269230769230769,1.304029304029304,1.3152366209641753,0.9523597633136095,0.8907692307692308,1.3032070177236492
1927,2784.6153846153848,2107.6923076923076,0.35384615384615387,2.661538461538462,0.6461538461538461,28.923076923076923,0.22692307692307692,1.026923076923077,0.11076923076923077,0.7892307692307693,0.055384615384615386,0.5538461538461539,0.6,0.9892307692307692,1.0,0.055384615384615386,1.0107692307692309,1.3781988552342288,0.6637335428149972,0.7054523944911616,0.5838561565002721,0.7019868227530273,1.3211678832116789,0.823076923076923,1.2673992673992676,1.2865305229776647,0.9510366863905325,0.8892307692307693,1.272823196248831
1928,2753.846153846154,2123.076923076923,0.36153846153846153,2.5846153846153848,0.6384615384615384,28.76923076923077,0.23076923076923078,1.0307692307692309,0.1123076923076923,0.7876923076923077,0.05615384615384615,0.5615384615384615,0.6,0.9876923076923076,1.0,0.05615384615384615,1.0123076923076924,1.3078466683817858,0.6159638337112333,0.6538451244108384,0.5400566787620993,0.6336369768563477,1.2971014492753625,0.8192307692307692,1.2307692307692308,1.2583820030283366,0.9496994082840237,0.8876923076923077,1.2430825257878704
1929,2723.076923076923,2138.4615384615386,0.36923076923076925,2.5076923076923077,0.6307692307692307,28.615384615384617,0.23461538461538461,1.0346153846153847,0.11384615384615385,0.7861538461538462,0.05692307692307692,0.5692307692307692,0.6,0.9861538461538462,1.0,0.05692307692307692,1.0138461538461538,1.2398693724648344,0.5709584351536788,0.6053100247488865,0.49895145465964663,0.571232471948178,1.2733812949640286,0.8153846153846154,1.1941391941391941,1.230777459816533,0.9483479289940828,0.8861538461538462,1.2139686629449873
1930,2692.3076923076924,2153.846153846154,0.3769230769230769,2.430769230769231,0.6230769230769231,28.46153846153846,0.23846153846153847,1.0384615384615385,0.11538461538461538,0.7846153846153846,0.05769230769230769,0.5769230769230769,0.6,0.9846153846153846,1.0,0.05769230769230769,1.0153846153846153,1.174204001127078,0.5285842053503375,0.5596921719918894,0.4603999705773353,0.5143006124750326,1.25,0.8115384615384615,1.1575091575091576,1.2037037037037037,0.94698224852071,0.8846153846153846,1.1854657687991021
1931,2661.5384615384614,2169.230769230769,0.38461538461538464,2.353846153846154,0.6153846153846153,28.307692307692307,0.2423076923076923,1.0423076923076924,0.11692307692307692,0.7830769230769231,0.05846153846153846,0.5846153846153846,0.6,0.9830769230769231,1.0,0.05846153846153846,1.016923076923077,1.1107893742918293,0.4887136184412711,0.5168436294983069,0.42426819704994095,0.46240390037559503,1.2269503546099292,0.8076923076923077,1.120879120879121,1.1771479416921828,0.9456023668639053,0.8830769230769231,1.1575584903175775
1932,2630.769230769231,2184.6153846153848,0.39230769230769236,2.276923076923077,0.6076923076923076,28.153846153846153,0.24615384615384617,1.0461538461538462,0.11846153846153845,0.7815384615384615,0.059230769230769226,0.5923076923076923,0.6,0.9815384615384615,1.0,0.059230769230769226,1.0184615384615385,1.0495660352648435,0.45122453795743783,0.4766231425901021,0.3904283058917216,0.41513751200226395,1.204225352112676,0.8038461538461539,1.0842490842490842,1.1510977630488815,0.9442082840236686,0.8815384615384616,1.130231942570654
1933,2600.0,2200.0,0.4,2.2,0.6,28.0,0.25,1.05,0.12,0.78,0.06,0.6,0.6,0.98,1.0,0.06,1.02,0.9904761904761906,0.416,0.43889584761904765,0.3587584,0.37212695424836595,1.1818181818181819,0.8,1.0476190476190477,1.1255411255411256,0.9428,0.88,1.1034716917069858
1934,2723.076923076923,2261.5384615384614,0.4623076923076923,2.223076923076923,0.6192307692307693,28.153846153846153,0.2423076923076923,1.0476923076923077,0.1223076923076923,0.7853846153846155,0.05846153846153846,0.6076923076923076,0.6,0.9830769230769231,1.0,0.059230769230769226,1.0223076923076924,0.9800101494528497,0.4315115831866086,0.4727377798602064,0.3726513605815732,0.39411808476814625,1.2040816326530612,0.7688461538461538,1.0586080586080586,1.1492702807995443,0.9372662721893491,0.8784615384615385,1.1241921482614052
1935,2846.153846153846,2323.076923076923,0.5246153846153846,2.246153846153846,0.6384615384615384,28.307692307692307,0.23461538461538461,1.0453846153846154,0.12461538461538461,0.7907692307692308,0.05692307692307692,0.6153846153846153,0.6,0.9861538461538462,1.0,0.05846153846153846,1.0246153846153847,0.9666967096411824,0.4457464781942629,0.5080858368925938,0.38547311417239727,0.41513558485300256,1.2251655629139073,0.7376923076923076,1.0695970695970696,1.1719758879971152,0.9320804733727811,0.8769230769230769,1.1438203111082956
1936,2969.230769230769,2384.6153846153848,0.5869230769230769,2.269230769230769,0.6576923076923077,28.46153846153846,0.22692307692307692,1.043076923076923,0.12692307692307692,0.7961538461538462,0.05538461538461538,0.6230769230769231,0.6,0.9892307692307692,1.0,0.05769230769230769,1.026923076923077,0.950650296766922,0.45856761111990113,0.5450039170970621,0.39710001462155003,0.43497470241833,1.2451612903225806,0.7065384615384616,1.0805860805860805,1.1937387001617659,0.9272426035502959,0.8753846153846154,1.1624421799328057
1937,3092.3076923076924,2446.153846153846,0.6492307692307693,2.2923076923076926,0.676923076923077,28.615384615384617,0.21923076923076923,1.040769230769231,0.12923076923076923,0.8015384615384615,0.05384615384615384,0.6307692307692307,0.6,0.9923076923076923,1.0,0.05692307692307692,1.0292307692307692,0.9319738220173635,0.46983358311521495,0.5835599987704001,0.4074040982487341,0.453423723467589,1.2641509433962264,0.6753846153846154,1.0915750915750917,1.2146313572912744,0.9227526627218935,0.8738461538461538,1.1801351005072171
1938,3215.3846153846152,2507.6923076923076,0.7115384615384615,2.3153846153846156,0.6961538461538461,28.76923076923077,0.21153846153846154,1.0384615384615385,0.13153846153846152,0.806923076923077,0.052307692307692305,0.6384615384615384,0.6,0.9953846153846154,1.0,0.05615384615384615,1.0315384615384615,0.9107600948681648,0.4793985640157463,0.623826301455564,0.41625297943340245,0.4702636447322648,1.2822085889570551,0.6442307692307693,1.1025641025641026,1.2347193819586455,0.918610650887574,0.8723076923076923,1.1969688266564054
1939,3338.4615384615386,2569.230769230769,0.7738461538461539,2.3384615384615386,0.7153846153846154,28.923076923076923,0.20384615384615384,1.0361538461538462,0.13384615384615384,0.8123076923076923,0.05076923076923077,0.6461538461538461,0.6,0.9984615384615385,1.0,0.055384615384615386,1.0338461538461539,0.887093032869173,0.48711219229915287,0.665879456366959,0.4235097515882059,0.4852678641996299,1.2994011976047906,0.6130769230769231,1.1135531135531136,1.2540620318383278,0.9148165680473372,0.8707692307692307,1.2130064296055254
1940,3461.5384615384614,2630.769230769231,0.8361538461538461,2.3615384615384616,0.7346153846153847,29.076923076923077,0.19615384615384615,1.0338461538461539,0.13615384615384615,0.8176923076923077,0.04923076923076923,0.6538461538461539,0.6,1.0,1.0,0.054615384615384614,1.0361538461538462,0.8610487016357461,0.4928194803362843,0.7098006854399231,0.42837385598461636,0.49743659976621024,1.3157894736842104,0.581923076923077,1.1245421245421245,1.2727130325814535,0.9113704142011835,0.8692307692307693,1.2283050796999921
1941,3584.6153846153848,2692.3076923076924,0.8984615384615384,2.3846153846153846,0.7538461538461538,29.23076923076923,0.18846153846153846,1.0315384615384615,0.13846153846153847,0.823076923076923,0.047692307692307694,0.6615384615384615,0.6,1.0,1.0,0.05384615384615385,1.0384615384615385,0.8326962122126957,0.49636072408822385,0.7556759886414658,0.43068838213193583,0.5064854182600805,1.3314285714285714,0.5507692307692308,1.1355311355311355,1.2907212101842975,0.9082721893491124,0.8676923076923078,1.2429167209182124
1942,3707.6923076923076,2753.846153846154,0.9607692307692307,2.4076923076923076,0.773076923076923,29.384615384615383,0.18076923076923077,1.0292307692307692,0.14076923076923076,0.8284615384615385,0.046153846153846156,0.6692307692307692,0.6,1.0,1.0,0.05307692307692308,1.040769230769231,0.8020984981212742,0.4975714165538329,0.8035963392659362,0.4309733961843199,0.5129345687979382,1.3463687150837989,0.5196153846153846,1.1465201465201464,1.308131038571703,0.9055218934911243,0.8661538461538462,1.2568886549469427
1943,3830.7692307692305,2815.3846153846152,1.023076923076923,2.430769230769231,0.7923076923076923,29.53846153846154,0.17307692307692307,1.026923076923077,0.14307692307692307,0.8338461538461538,0.04461538461538461,0.6769230769230768,0.6,1.0,1.0,0.05230769230769231,1.043076923076923,0.7693129904983627,0.49628216439395506,0.853657887009305,0.429093194445235,0.5165507409093263,1.360655737704918,0.4884615384615385,1.1575091575091576,1.3249831153680849,0.903119526627219,0.8646153846153847,1.2702640486567185
1944,3953.846153846154,2876.923076923077,1.0853846153846152,2.453846153846154,0.8115384615384615,29.692307692307693,0.16538461538461538,1.0246153846153847,0.1453846153846154,0.8392307692307692,0.04307692307692308,0.6846153846153846,0.6,1.0,1.0,0.05153846153846154,1.0453846153846154,0.7343922065867768,0.49231860725662496,0.905962168672719,0.424908828724564,0.5170946197392311,1.374331550802139,0.4573076923076924,1.1684981684981686,1.341314576608694,0.9010650887573964,0.8630769230769231,1.2830823764468744
1945,4076.923076923077,2938.4615384615386,1.1476923076923078,2.476923076923077,0.8307692307692307,29.846153846153847,0.1576923076923077,1.0223076923076924,0.14769230769230768,0.8446153846153845,0.04153846153846154,0.6923076923076923,0.6,1.0,1.0,0.050769230769230775,1.0476923076923077,0.6973842642791495,0.4855013394073291,0.9606163263926363,0.4182780770278528,0.5143207344422617,1.387434554973822,0.4261538461538461,1.1794871794871795,1.357159459342339,0.8993585798816568,0.8615384615384616,1.2953798070081064
1946,4200.0,3000.0,1.21,2.5,0.85,30.0,0.15,1.02,0.15,0.85,0.04,0.7,0.6,1.0,1.0,0.05,1.05,0.6583333333333332,0.4756458333333332,1.0177333333333334,0.40905541666666656,0.5079773148148147,1.4,0.395,1.1904761904761905,1.3725490196078431,0.898,0.86,1.3071895424836601
1947,4400.0,3125.0,1.1425,2.625,0.8574999999999999,30.0,0.1425,1.0225,0.1425,0.845,0.04,0.6749999999999999,0.6,1.0,1.0,0.05,1.05,0.7545999999999998,0.5548620962499998,1.0940328362288507,0.47995571325624986,0.597963685692453,1.408,0.42874999999999996,1.25,1.3770171149144255,0.9004125,0.865,1.3114448713470719
1948,4600.0,3250.0,1.075,2.75,0.865,30.0,0.135,1.025,0.135,0.84,0.04,0.6499999999999999,0.6,1.0,1.0,0.05,1.05,0.8572344322344324,0.6414042330586082,1.173144155394264,0.5580216827609891,0.6971656581550676,1.4153846153846155,0.4625,1.3095238095238095,1.3808630393996248,0.9032,0.87,1.3151076565710713
1949,4800.0,3375.0,1.0074999999999998,2.875,0.8725,30.0,0.1275,1.0275,0.1275,0.835,0.04,0.625,0.6,1.0,1.0,0.05,1.05,0.9662433862433865,0.735558816798942,1.2551863765929017,0.6436139646990742,0.8060192135059143,1.4222222222222223,0.4962500000000001,1.369047619047619,1.3841578805082453,0.9063625,0.875,1.318245600484043
1950,5000.0,3500.0,0.94,3.0,0.88,30.0,0.12,1.03,0.12,0.83,0.04,0.6,0.6,1.0,1.0,0.05,1.05,1.0816326530612246,0.8376163265306124,1.340284322567862,0.7371023673469389,0.924968296650937,1.4285714285714286,0.53,1.4285714285714286,1.3869625520110958,0.9098999999999999,0.88,1.3209167162010436
1951,5200.0,3650.0,0.9009999999999999,3.06,0.882,30.0,0.11599999999999999,1.032,0.123,0.829,0.041,0.595,0.6,1.0,1.0,0.049,1.048,1.140723287671233,0.8894082587178084,1.372399321070025,0.7835686759303891,0.9815831224234918,1.4246575342465753,0.5495000000000001,1.457142857142857,1.3804821068280768,0.9124479999999999,0.881,1.3172539187290808
1952,5400.0,3800.0,0.862,3.12,0.884,30.0,0.112,1.034,0.126,0.828,0.042,0.59,0.6,1.0,1.0,0.048,1.046,1.2013172932330827,0.9430244646496241,1.4050505388596322,0.8317475778209684,1.040366676615393,1.4210526315789473,0.569,1.4857142857142858,1.3743255624554616,0.915032,0.882,1.313886770989925
1953,5600.0,3950.0,0.823,3.18,0.886,30.0,0.108,1.036,0.129,0.827,0.043000000000000003,0.585,0.6,1.0,1.0,0.047,1.044,1.263412658227848,0.998490184749367,1.4382273085981214,0.8816668331336911,1.101356911660339,1.4177215189873418,0.5885,1.5142857142857142,1.3684570646595962,0.917652,0.883,1.3107826289842877
1954,5800.0,4100.0,0.784,3.24,0.888,30.0,0.104,1.038,0.132,0.826,0.044000000000000004,0.58,0.6,1.0,1.0,0.046,1.042,1.3270076655052265,1.0558309950439027,1.4719212112200868,0.93335459961881,1.1645928276837325,1.4146341463414633,0.608,1.542857142857143,1.3628459984021806,0.920308,0.884,1.3079136261057396
1955,6000.0,4250.0,0.745,3.3,0.89,30.0,0.1,1.04,0.135,0.825,0.045,0.575,0.6,1.0,1.0,0.045,1.04,1.3921008403361341,1.1150727731092436,1.5061256848739495,0.9868394042016806,1.2301143808901038,1.411764705882353,0.6275,1.5714285714285712,1.3574660633484164,0.9229999999999999,0.885,1.305255830142708
1956,6200.0,4400.0,0.706,3.3600000000000003,0.892,30.0,0.096,1.042,0.138,0.824,0.046,0.5700000000000001,0.6,1.0,1.0,0.044,1.038,1.4586909090909093,1.1762416709818184,1.5408357137968869,1.042150120489891,1.2979624122314872,1.4090909090909092,0.647,1.6,1.3522945384749607,0.925728,0.886,1.3027885727119082
1957,6400.0,4550.0,0.667,3.42,0.894,30.0,0.092,1.044,0.141,0.823,0.047,0.5650000000000001,0.6,1.0,1.0,0.043000000000000003,1.036,1.5267767660910518,1.2393640934279435,1.576047578677498,1.0993159508705859,1.368178591604955,1.4065934065934067,0.6665,1.6285714285714286,1.3473116921392785,0.928492,0.887,1.3004939113313496
1958,6600.0,4700.0,0.628,3.48,0.896,30.0,0.088,1.046,0.144,0.822,0.048,0.56,0.6,1.0,1.0,0.042,1.034,1.5963574468085104,1.304466680374468,1.6117586547694294,1.1583664121725277,1.4408053740624114,1.4042553191489362,0.6859999999999999,1.657142857142857,1.3425003051137057,0.931292,0.888,1.2983561945006825
1959,6800.0,4850.0,0.589,3.54,0.898,30.0,0.084,1.048,0.147,0.821,0.049,0.555,0.6,1.0,1.0,0.041,1.032,1.6674321060382915,1.3715762925997055,1.6479672474179867,1.219331324121138,1.5158859654010906,1.402061855670103,0.7055,1.6857142857142857,1.337845282127961,0.934128,0.889,1.2963617074883342
1960,7000.0,5000.0,0.55,3.6,0.9,30.0,0.08,1.05,0.15,0.82,0.05,0.55,0.6,1.0,1.0,0.04,1.03,1.7399999999999998,1.44072,1.684672457142857,1.2822408,1.593464295145631,1.4,0.725,1.7142857142857142,1.3333333333333333,0.9369999999999999,0.89,1.2944983818770226
1961,7500.0,5480.0,0.53,3.488,0.89,29.8,0.084,1.053,0.153,0.818,0.051000000000000004,0.555,0.6,1.0,1.0,0.041,1.032,1.6708029197080292,1.353024669781022,1.5559233947434103,1.2028389314353285,1.452776211110438,1.3686131386861313,0.735,1.660952380952381,1.29972757709984,0.937847,0.889,1.2594259468021705
1962,8000.0,5960.0,0.51,3.376,0.88,29.6,0.088,1.056,0.156,0.816,0.052000000000000005,0.56,0.6,1.0,1.0,0.042,1.034,1.6076190476190475,1.2730079329523811,1.4399885155563954,1.1304310444617145,1.331278306682912,1.342281879194631,0.745,1.6076190476190475,1.271100264388855,0.938728,0.888,1.2293039307435734
1963,8500.0,6440.0,0.49,3.2640000000000002,0.87,29.4,0.092,1.0590000000000002,0.159,0.814,0.053,0.5650000000000001,0.6,1.0,1.0,0.043000000000000003,1.036,1.5488553682342503,1.1990631109565217,1.3344797629324017,1.0635689794184349,1.2244891537933216,1.3198757763975155,0.755,1.5542857142857143,1.246341620771969,0.939643,0.887,1.2030324524825957
1964,9000.0,6920.0,0.47000000000000003,3.152,0.86,29.2,0.096,1.062,0.162,0.8119999999999999,0.054,0.5700000000000001,0.6,1.0,1.0,0.044000000000000004,1.038,1.493360858794385,1.1300385069661436,1.2376553052690162,1.0012141171720033,1.1292741881025619,1.300578034682081,0.765,1.500952380952381,1.224649750171451,0.940592,0.886,1.1798167150013978
1965,9500.0,7400.0,0.45,3.04,0.8500000000000001,29.0,0.1,1.065,0.16499999999999998,0.81,0.055,0.575,0.6,1.0,1.0,0.045,1.04,1.4402831402831402,1.0650893822393823,1.1482103900076135,0.9426041032818534,1.0433779058476342,1.2837837837837838,0.775,1.4476190476190476,1.2054307828955717,0.941575,0.885,1.1590680604765111
1966,10000.0,7880.0,0.43,2.928,0.8400000000000001,28.8,0.104,1.068,0.16799999999999998,0.808,0.056,0.58,0.6,1.0,1.0,0.046,1.042,1.3889775199419867,1.0035840389847714,1.0651446246715677,0.887168290462538,0.9651375132663427,1.2690355329949239,0.785,1.3942857142857141,1.1882355177855093,0.942592,0.884,1.1403411878939624
1967,10500.0,8360.0,0.41000000000000003,2.816,0.8300000000000001,28.6,0.108,1.0710000000000002,0.17099999999999999,0.806,0.057,0.585,0.6,1.0,1.0,0.047,1.044,1.3389473684210524,0.9450422635789474,0.9876749681738622,0.8344723187402106,0.8933011385871056,1.255980861244019,0.7949999999999999,1.340952380952381,1.1727178909841447,0.943643,0.883,1.1232929990269584
1968,11000.0,8840.0,0.39,2.7039999999999997,0.8200000000000001,28.4,0.11199999999999999,1.074,0.174,0.804,0.057999999999999996,0.59,0.6,1.0,1.0,0.048,1.046,1.2898039215686272,0.8890938302745097,0.9151770586470703,0.7841807583021175,0.8269087439639228,1.244343891402715,0.8049999999999999,1.2876190476190474,1.1586069752353025,0.944728,0.882,1.107654852041398
1969,11500.0,9320.0,0.37,2.5919999999999996,0.81,28.2,0.11599999999999999,1.077,0.177,0.802,0.059,0.595,0.6,1.0,1.0,0.049,1.048,1.2412385039852847,0.8354498332900059,0.8471446623240529,0.7360313031284952,0.7652119508681525,1.2339055793991416,0.815,1.234285714285714,1.1456876317540776,0.945847,0.881,1.0932133890783184
1970,12000.0,9800.0,0.35,2.48,0.8,28.0,0.12,1.08,0.18,0.8,0.06,0.6,0.6,1.0,1.0,0.05,1.05,1.1930029154518949,0.7838824489795917,0.7831610307886119,0.6898165551020407,0.7076187532090903,1.2244897959183674,0.825,1.180952380952381,1.1337868480725624,0.9470000000000001,0.88,1.079796998164345
1971,12600.0,9800.0,0.347,2.416,0.79,27.4,0.133,1.087,0.187,0.798,0.062,0.62,0.6,0.998,1.0,0.051000000000000004,1.0550000000000002,1.222545306122449,0.7647869336238367,0.7554267003115307,0.668613447146772,0.7113834953594587,1.2857142857142858,0.8265,1.1504761904761904,1.1828098304639243,0.946066,0.876,1.1211467587335773
1972,13200.0,9800.0,0.344,2.352,0.78,26.8,0.146,1.094,0.194,0.796,0.064,0.64,0.6,0.996,1.0,0.052000000000000005,1.06,1.249097142857143,0.743296739328,0.7259040328263472,0.6455621376672399,0.7108386879665657,1.346938775510204,0.8280000000000001,1.1199999999999999,1.2312054620751407,0.945124,0.872,1.1615145868633403
1973,13800.0,9800.0,0.34099999999999997,2.2880000000000003,0.77,26.2,0.159,1.101,0.201,0.794,0.066,0.66,0.6,0.994,1.0,0.053,1.065,1.2726416326530614,0.7197354333965715,0.6949732488331528,0.6209819740510947,0.7062282023166319,1.4081632653061225,0.8295,1.0895238095238096,1.278985708724907,0.944174,0.868,1.200925548098504
1974,14400.0,9800.0,0.33799999999999997,2.224,0.76,25.6,0.172,1.108,0.208,0.792,0.068,0.68,0.6,0.992,1.0,0.054,1.07,1.2931619825072884,0.6944093630738659,0.6629821800520947,0.5951699321782535,0.6978225466261221,1.469387755102041,0.831,1.059047619047619,1.326162233846607,0.943216,0.864,1.239403956865988
1975,15000.0,9800.0,0.33499999999999996,2.16,0.75,25.0,0.185,1.115,0.215,0.79,0.07,0.7,0.6,0.99,1.0,0.055,1.0750000000000002,1.3106413994169097,0.6676079628279883,0.6302480246342612,0.5684014195517493,0.6859126526479998,1.530612244897959,0.8325,1.0285714285714287,1.3727464079802325,0.94225,0.86,1.2769734027723092
1976,15600.0,9800.0,0.332,2.096,0.74,24.4,0.198,1.1219999999999999,0.222,0.788,0.07200000000000001,0.72,0.6,0.988,1.0,0.056,1.08,1.3250630903790086,0.6396040668742156,0.5970590294611537,0.5409310682693965,0.6708042883620149,1.5918367346938775,0.834,0.9980952380952381,1.418749317908982,0.941276,0.856,1.3136567758416497
1977,16200.0,9800.0,0.329,2.032,0.73,23.8,0.21100000000000002,1.129,0.229,0.786,0.074,0.74,0.6,0.986,1.0,0.057,1.085,1.3364102623906706,0.6106542269377959,0.5636761026239768,0.512993517732088,0.6528130518836162,1.653061224489796,0.8355,0.9676190476190476,1.464181775455975,0.940294,0.852,1.3494762907428344
1978,16800.0,9800.0,0.326,1.968,0.72,23.2,0.224,1.136,0.236,0.784,0.076,0.76,0.6,0.984,1.0,0.057999999999999996,1.09,1.3446661224489793,0.5809990352561631,0.5303343590229649,0.4848041869868707,0.6322599045764942,1.7142857142857142,0.837,0.937142857142857,1.5090543259557345,0.939304,0.848,1.3844535100511326
1979,17400.0,9800.0,0.323,1.9040000000000001,0.71,22.6,0.237,1.143,0.243,0.782,0.078,0.78,0.6,0.982,1.0,0.059,1.0950000000000002,1.3498138775510207,0.5508634528205716,0.49724460188427866,0.45656003660531225,0.6094672040223135,1.7755102040816326,0.8385,0.9066666666666667,1.5533772564143769,0.938306,0.844,1.4186093665884716
1980,18000.0,9800.0,0.32,1.84,0.7,22.0,0.25,1.15,0.25,0.78,0.08,0.8,0.6,0.98,1.0,0.06,1.1,1.3518367346938776,0.5204571428571427,0.46459474285714286,0.4284403199999998,0.5847551999999998,1.836734693877551,0.84,0.8761904761904762,1.5971606033717836,0.9373,0.84,1.4519641848834397
1981,18900.0,10020.0,0.343,1.864,0.695,21.6,0.26,1.1549999999999998,0.26,0.777,0.082,0.8200000000000001,0.6,0.977,0.995,0.061,1.105,1.387117365269461,0.5136440118898205,0.45962420131252313,0.4174323966448761,0.5792973795799349,1.8862275449101797,0.8285,0.8876190476190476,1.6330974414806751,0.9327655,0.836,1.4779162366340952
1982,19800.0,10240.0,0.366,1.8880000000000001,0.69,21.2,0.27,1.16,0.27,0.774,0.084,0.8400000000000001,0.6,0.974,0.99,0.062,1.11,1.4202669642857142,0.5055411854035713,0.4535046211599888,0.40557765533979,0.5712959222548791,1.93359375,0.817,0.8990476190476191,1.6668911637931034,0.928132,0.832,1.501703751164958
1983,20700.0,10460.0,0.389,1.9120000000000001,0.6849999999999999,20.8,0.27999999999999997,1.165,0.27999999999999997,0.771,0.08600000000000001,0.86,0.6,0.971,0.985,0.063,1.115,1.4513521442228898,0.4962927684213056,0.4463569565582739,0.39302822884304595,0.561049530545564,1.9789674952198852,0.8055,0.9104761904761905,1.6986845452531205,0.9233995,0.828,1.5234838970880002
1984,21600.0,10680.0,0.41200000000000003,1.9360000000000002,0.6799999999999999,20.4,0.29,1.17,0.29,0.768,0.08800000000000001,0.88,0.6,0.968,0.98,0.064,1.12,1.480434028892456,0.4860324134215087,0.4382934892051205,0.3799215058625804,0.5488432668961835,2.0224719101123596,0.794,0.9219047619047619,1.728608470181504,0.918568,0.8240000000000001,1.5434004198049143
1985,22500.0,10900.0,0.43500000000000005,1.96,0.675,20.0,0.3,1.1749999999999998,0.3,0.765,0.09,0.9,0.6,0.965,0.975,0.065,1.125,1.507568807339449,0.4748841743119264,0.4294185420163967,0.3663814509547017,0.5349469555223832,2.0642201834862384,0.7825,0.9333333333333332,1.7567831348819054,0.9136375,0.8200000000000001,1.5615850087839158
1986,23400.0,11120.0,0.458,1.984,0.67,19.6,0.31,1.18,0.31,0.762,0.092,0.92,0.6,0.962,0.97,0.066,1.13,1.5328082219938333,0.46296326413812944,0.4198291124841522,0.35251978488304886,0.5196141773727386,2.1043165467625897,0.771,0.9447619047619047,1.7833191074259238,0.908608,0.816,1.5781585021468354
1987,24300.0,11340.0,0.48100000000000004,2.008,0.665,19.2,0.32,1.185,0.32,0.759,0.094,0.9400000000000001,0.6,0.959,0.965,0.067,1.135,1.5561999999999998,0.4503767295999999,0.4096154366251422,0.3384370436709892,0.5030817276131521,2.142857142857143,0.7595,0.9561904761904761,1.8083182640144664,0.9034795,0.812,1.5932319506735388
1988,25200.0,11560.0,0.504,2.032,0.66,18.8,0.32999999999999996,1.19,0.32999999999999996,0.756,0.096,0.96,0.6,0.956,0.96,0.068,1.14,1.5777882352941177,0.4372240534588236,0.39886149276795907,0.3242235318203149,0.48556943178120376,2.179930795847751,0.748,0.9676190476190476,1.8318746183594545,0.898252,0.808,1.606907559964434
1989,26100.0,11780.0,0.527,2.056,0.655,18.4,0.33999999999999997,1.1949999999999998,0.33999999999999997,0.753,0.098,0.98,0.6,0.953,0.955,0.069,1.145,1.5976137278680569,0.4235976942618481,0.387645453043193,0.30996018287255,0.46728023792107465,2.2156196943972835,0.7364999999999999,0.979047619047619,1.8540750580730407,0.8929255,0.804,1.6192795267013456
1990,27000.0,12000.0,0.55,2.08,0.65,18.0,0.35,1.2,0.35,0.75,0.1,1.0,0.6,0.95,0.95,0.07,1.15,1.6157142857142857,0.4095835714285715,0.37604008928571436,0.29571933857142857,0.4484005188121119,2.25,0.725,0.9904761904761905,1.875,0.8875,0.8,1.630434782608696
1991,27900.0,12800.0,0.553,2.0780000000000003,0.645,17.7,0.36,1.21,0.36,0.745,0.10200000000000001,1.03,0.6,0.945,0.945,0.07100000000000001,1.1549999999999998,1.5604829129464288,0.38005873441392857,0.3444729859604654,0.26948514933219886,0.390460791544589,2.1796875,0.7235,0.9895238095238096,1.8013946280991735,0.8835925,0.794,1.5596490286572935
1992,28800.0,13600.0,0.556,2.076,0.64,17.4,0.37,1.22,0.37,0.74,0.10400000000000001,1.06,0.6,0.94,0.94,0.07200000000000001,1.16,1.5114675630252101,0.3534657584188235,0.31626666951619764,0.24611000718143144,0.3417535297408498,2.1176470588235294,0.722,0.9885714285714285,1.7357762777242045,0.87962,0.788,1.496358860107073
1993,29700.0,14400.0,0.559,2.074,0.635,17.1,0.38,1.23,0.38,0.735,0.106,1.09,0.6,0.9349999999999999,0.9349999999999999,0.07300000000000001,1.165,1.4676327678571426,0.3293500018020536,0.2909063258575456,0.225158136164463,0.30042100838336505,2.0625,0.7204999999999999,0.9876190476190475,1.6768292682926829,0.8755824999999999,0.782,1.439338427719041
1994,30600.0,15200.0,0.562,2.072,0.63,16.8,0.39,1.24,0.39,0.73,0.108,1.12,0.6,0.9299999999999999,0.9299999999999999,0.07400000000000001,1.17,1.4281610526315789,0.3073516838147368,0.2679830343515784,0.20628289375313988,0.26506018295856143,2.013157894736842,0.719,0.9866666666666667,1.6235144312393888,0.87148,0.776,1.3876191719994777
1995,31500.0,16000.0,0.565,2.0700000000000003,0.625,16.5,0.4,1.25,0.4,0.725,0.11,1.15,0.6,0.925,0.925,0.07500000000000001,1.1749999999999998,1.3923984375,0.287182177734375,0.2471673938378906,0.18920459313446045,0.2345935673385252,1.96875,0.7175,0.9857142857142858,1.575,0.8673124999999999,0.77,1.3404255319148939
1996,32400.0,16800.0,0.568,2.068,0.62,16.2,0.41000000000000003,1.26,0.41000000000000003,0.72,0.112,1.1800000000000002,0.6,0.92,0.92,0.076,1.18,1.3598155102040814,0.26860707736163253,0.22819068007936366,0.17369465913306875,0.20818125005053034,1.9285714285714286,0.716,0.9847619047619047,1.530612244897959,0.86308,0.764,1.2971290210999653
1997,33300.0,17600.0,0.571,2.066,0.615,15.9,0.42,1.27,0.42,0.715,0.114,1.21,0.6,0.915,0.915,0.077,1.185,1.3299791152597402,0.2514338817189692,0.2108311384859255,0.15956410256960032,0.18515966628946368,1.8920454545454546,0.7145,0.9838095238095237,1.4897995705082319,0.8587825,0.758,1.2572148274331072
1998,34200.0,18400.0,0.574,2.064,0.61,15.6,0.43,1.28,0.43,0.71,0.11599999999999999,1.24,0.6,0.91,0.91,0.078,1.19,1.302531428571429,0.23550289241142863,0.1949038493813648,0.14665499879483987,0.16499817617938237,1.858695652173913,0.7130000000000001,0.9828571428571429,1.4521059782608696,0.85442,0.752,1.220257124588966
1999,35100.0,19200.0,0.577,2.0620000000000003,0.605,15.3,0.44,1.29,0.44,0.705,0.118,1.27,0.6,0.905,0.905,0.079,1.1949999999999998,1.2771742633928573,0.22068038662312503,0.1802531239826323,0.1348340942258877,0.14726774078341387,1.828125,0.7115,0.981904761904762,1.4171511627906976,0.8499924999999999,0.746,1.1859005546365673
2000,36000.0,20000.0,0.58,2.06,0.6,15.0,0.45,1.3,0.45,0.7,0.12,1.3,0.6,0.9,0.9,0.08,1.2,1.2536571428571428,0.20685342857142858,0.1667467226373626,0.1239879450857143,0.1316179724756044,1.8,0.71,0.9809523809523809,1.3846153846153846,0.8454999999999999,0.74,1.1538461538461537
2001,36750.0,21500.0,0.62,2.0612500000000002,0.5875,14.625,0.46875,1.3375000000000001,0.48125,0.6875,0.1275,1.3625,0.6,0.8875000000000001,0.875,0.085,1.2249999999999999,1.157655523255814,0.17614113164147663,0.13787222742641914,0.09951079471059313,0.09499052605279831,1.7093023255813953,0.69,0.9815476190476191,1.27798304716366,0.8279296875,0.7275,1.0432514670723756
2002,37500.0,23000.0,0.6599999999999999,2.0625,0.575,14.25,0.4875,1.375,0.5125,0.6749999999999999,0.135,1.425,0.6,0.875,0.85,0.09,1.25,1.0728843167701863,0.15017865862165175,0.11414237761361255,0.07986219480514524,0.0689403294286313,1.6304347826086956,0.67,0.9821428571428571,1.1857707509881423,0.80946875,0.715,0.9486166007905138
2003,38250.0,24500.0,0.7,2.0637499999999998,0.5625,13.875,0.50625,1.4125,0.54375,0.6625,0.1425,1.4875,0.6,0.8625,0.825,0.095,1.275,0.99727860787172,0.12810257977188155,0.09453262127709389,0.06403497682304796,0.05023802407789784,1.5612244897959184,0.65,0.9827380952380951,1.1052916741918006,0.7901171875,0.7025,0.8668954307386671
2004,39000.0,26000.0,0.74,2.065,0.55,13.5,0.525,1.4500000000000002,0.575,0.6499999999999999,0.15,1.55,0.6,0.8500000000000001,0.8,0.1,1.2999999999999998,0.92925,0.109244953125,0.07825858187634697,0.05125773200625,0.03670978154293767,1.5,0.63,0.9833333333333333,1.0344827586206895,0.769875,0.69,0.7957559681697614
2005,39750.0,27500.0,0.78,2.06625,0.5375,13.125,0.54375,1.4875,0.60625,0.6375,0.1575,1.6125,0.6,0.8375,0.7749999999999999,0.105,1.325,0.867556655844156,0.09308018749445138,0.06471018679586557,0.04093106710503074,0.026866289424478548,1.4454545454545455,0.61,0.9839285714285715,0.9717341482047365,0.7487421875,0.6775,0.7333842627960275
2006,40500.0,29000.0,0.8200000000000001,2.0675,0.525,12.75,0.5625,1.5250000000000001,0.6375,0.625,0.16499999999999998,1.675,0.6,0.8250000000000001,0.75,0.11,1.3499999999999999,0.8112136699507387,0.07918839692214438,0.053406305651029135,0.0325835506960586,0.01967169708501447,1.396551724137931,0.59,0.9845238095238095,0.9157716223855284,0.72671875,0.665,0.6783493499152065
2007,41250.0,30500.0,0.86,2.0687499999999996,0.5125,12.375,0.58125,1.5625,0.66875,0.6124999999999999,0.1725,1.7375,0.6,0.8125,0.725,0.11499999999999999,1.375,0.7594298887587821,0.06722956918542221,0.04396282622670088,0.025840577809132768,0.014396167151894559,1.3524590163934427,0.5700000000000001,0.9851190476190474,0.8655737704918033,0.7038046874999999,0.6525,0.6295081967213115
2008,42000.0,32000.0,0.9,2.07,0.5,12.0,0.6,1.6,0.7,0.6,0.18,1.8,0.6,0.8,0.7,0.12,1.4,0.7115624999999999,0.056924999999999996,0.03606975,0.02040192,0.01051974,1.3125,0.55,0.9857142857142855,0.8203125,0.6799999999999999,0.64,0.5859375
2009,43428.57142857143,33428.57142857143,0.9142857142857143,2.037142857142857,0.4857142857142857,11.714285714285714,0.6085714285714285,1.6285714285714286,0.7071428571428571,0.5928571428571429,0.18285714285714286,1.8285714285714285,0.6,0.7928571428571429,0.7071428571428571,0.12285714285714286,1.4285714285714286,0.6841407723040377,0.05078944078253859,0.03144881201817128,0.018061776468887507,0.008846668406071623,1.2991452991452992,0.5428571428571429,0.9700680272108843,0.7977207977207977,0.6699234693877552,0.6342857142857143,0.5584045584045584
2010,44857.142857142855,34857.142857142855,0.9285714285714286,2.004285714285714,0.4714285714285714,11.428571428571429,0.6171428571428571,1.6571428571428573,0.7142857142857143,0.5857142857142857,0.18571428571428572,1.8571428571428572,0.6,0.7857142857142857,0.7142857142857143,0.12571428571428572,1.457142857142857,0.6579810495626821,0.04524147251570349,0.02737554815993319,0.015959819750437674,0.007436337721480075,1.2868852459016393,0.5357142857142857,0.9544217687074829,0.7765686828716789,0.6596938775510204,0.6285714285714286,0.5329392921668384
2011,46285.71428571429,36285.71428571429,0.9428571428571428,1.9714285714285713,0.4571428571428572,11.142857142857142,0.6257142857142857,1.6857142857142857,0.7214285714285714,0.5785714285714286,0.18857142857142858,1.8857142857142857,0.6,0.7785714285714286,0.7214285714285714,0.1285714285714286,1.4857142857142858,0.632960675833888,0.04022603497404498,0.02378607487788759,0.014073025560988184,0.006246134020956717,1.2755905511811023,0.5285714285714286,0.9387755102040816,0.7567062591752302,0.6493112244897961,0.6228571428571429,0.5093215205987126
2012,47714.28571428572,37714.28571428572,0.9571428571428572,1.9385714285714286,0.4428571428571429,10.857142857142858,0.6342857142857143,1.7142857142857144,0.7285714285714285,0.5714285714285714,0.19142857142857142,1.9142857142857144,0.6,0.7714285714285715,0.7285714285714285,0.13142857142857142,1.5142857142857142,0.6089755794092527,0.03569437269801545,0.020624734763323622,0.012380931382292864,0.005240954201107428,1.2651515151515151,0.5214285714285714,0.9231292517006803,0.7380050505050504,0.6387755102040816,0.6171428571428571,0.48736182580522197
2013,49142.857142857145,39142.857142857145,0.9714285714285714,1.9057142857142857,0.4285714285714286,10.571428571428571,0.6428571428571429,1.7428571428571429,0.7357142857142857,0.5642857142857143,0.19428571428571428,1.9428571428571428,0.6,0.7642857142857143,0.7357142857142857,0.13428571428571429,1.542857142857143,0.5859368815305057,0.031603009645231356,0.01784279465375505,0.010865234494201206,0.00439171411668476,1.2554744525547445,0.5142857142857142,0.9074829931972789,0.7203541940887879,0.6280867346938775,0.6114285714285714,0.46689623690939946
2014,50571.42857142857,40571.42857142857,0.9857142857142858,1.872857142857143,0.4142857142857143,10.285714285714286,0.6514285714285715,1.7714285714285714,0.7428571428571429,0.5571428571428572,0.19714285714285715,1.9714285714285715,0.6,0.7571428571428571,0.7428571428571429,0.13714285714285715,1.5714285714285716,0.5637682215743439,0.027912937160536843,0.015397399001891535,0.009509473831289318,0.00367419344434779,1.2464788732394365,0.5071428571428571,0.8918367346938776,0.7036574284416175,0.6172448979591837,0.6057142857142856,0.44778199991739287
2015,52000.0,42000.0,1.0,1.84,0.4,10.0,0.66,1.8,0.75,0.55,0.2,2.0,0.6,0.75,0.75,0.14,1.6,0.5424036281179139,0.02458896447467876,0.013250719744688002,0.008298775510204082,0.003068131951193176,1.2380952380952381,0.5,0.8761904761904762,0.6878306878306878,0.6062500000000001,0.6000000000000001,0.4298941798941799
2016,53600.0,44800.0,1.056,1.8,0.368,9.6,0.672,1.82,0.76,0.53,0.21000000000000002,2.06,0.6,0.74,0.74,0.14800000000000002,1.6300000000000001,0.4840408163265306,0.018696212062040817,0.00985607086507145,0.0060199708864020485,0.002068529738706254,1.1964285714285714,0.472,0.8571428571428571,0.6573783359497645,0.57324,0.5880000000000001,0.40329959260721754
2017,55200.0,47600.0,1.112,1.76,0.336,9.2,0.684,1.84,0.77,0.51,0.22,2.12,0.6,0.73,0.73,0.156,1.6600000000000001,0.4315274909963986,0.014050811284436974,0.00722955311551462,0.0043129021440824426,0.0013820325287051665,1.1596638655462186,0.44399999999999995,0.8380952380952381,0.6302521008403361,0.53891,0.5760000000000001,0.37966994026526274
2018,56800.0,50400.0,1.1680000000000001,1.72,0.304,8.8,0.696,1.8599999999999999,0.78,0.49,0.23,2.1799999999999997,0.6,0.72,0.72,0.164,1.69,0.3839903250188964,0.010409475963904258,0.005213216129895229,0.0030434975995840136,0.0009122153826001202,1.126984126984127,0.4159999999999999,0.819047619047619,0.6059054446151221,0.5032599999999999,0.5640000000000001,0.3585239317249243
2019,58400.0,53200.0,1.224,1.68,0.272,8.4,0.708,1.88,0.79,0.47000000000000003,0.24,2.2399999999999998,0.6,0.71,0.71,0.172,1.72,0.3407398496240601,0.00757761810863158,0.0036813985199387234,0.002108572263285771,0.0005926983863142138,1.0977443609022557,0.388,0.7999999999999999,0.5839065749480084,0.46628999999999987,0.552,0.3394805668302374
2020,60000.0,56000.0,1.28,1.64,0.24,8.0,0.72,1.9,0.8,0.45,0.25,2.3,0.6,0.7,0.7,0.18,1.75,0.3012244897959183,0.005397942857142856,0.0025332451127819543,0.0014282956799999994,0.00037740143639097736,1.0714285714285714,0.36,0.7809523809523808,0.5639097744360902,0.42799999999999994,0.54,0.322234156820623
2021,61500.0,58000.0,1.3975,1.63,0.22749999999999998,7.7,0.73,1.9249999999999998,0.805,0.4425,0.2575,2.3499999999999996,0.6,0.7,0.695,0.18,1.7625,0.24793765394088668,0.003908923067618534,0.0019321590075753634,0.001007896268370101,0.00025829556682720737,1.0603448275862069,0.30125,0.7761904761904761,0.5508284818629647,0.386053125,0.53,0.3125267982201218
2022,63000.0,60000.0,1.5150000000000001,1.62,0.215,7.4,0.74,1.95,0.81,0.435,0.265,2.4,0.6,0.7,0.69,0.18,1.775,0.19642499999999996,0.0027084388499999993,0.001444745932875,0.0006802515015659998,0.00016921532476658023,1.05,0.24249999999999994,0.7714285714285715,0.5384615384615384,0.3431875,0.52,0.30335861321776814
2023,64500.0,62000.0,1.6325,1.61,0.2025,7.1,0.75,1.975,0.815,0.4275,0.2725,2.45,0.6,0.7,0.685,0.18,1.7875,0.1465554435483871,0.001755917408014113,0.0010538989293211799,0.0004294008225428113,0.00010376039087414834,1.0403225806451613,0.18374999999999997,0.7666666666666667,0.5267456104532462,0.2994031250000001,0.51,0.29468285899482305
2024,66000.0,64000.0,1.75,1.6,0.19,6.8,0.76,2.0,0.82,0.42,0.28,2.5,0.6,0.7,0.68,0.18,1.8,0.09821428571428571,0.001015142857142857,0.0007446438308571424,0.000241604,5.675177291666666e-05,1.03125,0.125,0.7619047619047619,0.515625,0.2546999999999999,0.5,0.2864583333333333
